{"ns": [16, 20, 24, 26], "results_hardware_sim": [0.37472036451186347, 0.44631392778252615, 0.35488089055326133, -0.039758207072823265], "results_hardware_sim_me": [0.37563032419336395, 0.44772222926858246, 0.3532631911790685, -0.05222796409147618], "results_hardware_sim_me_zne": [0.48786890606387756, 0.5591576471486318, 0.5100771241401225, -0.11263049320392346]}