{"ns": [12, 8, 4, 2], "results_hardware_sim": [0.44162779378028455, 0.4170417703680254, 0.49190759586122945, 0.4882686190714745], "results_hardware_sim_me": [0.44996951756325687, 0.4084953391360965, 0.5071134614720184, 0.4918550577966842], "results_hardware_sim_me_zne": [0.5123085853939162, 0.4868461031360075, 0.506466071891882, 0.5010460427976564]}